"vertical","KPI Name","SLA Value","kpivalue","Samples","SLA Target Value"
"Healthcare","Network Connectivity","66.66374269005848","66.66374269005848","11474","100.0"
"Healthcare","Network Quality","95.1737836235912","95.1737836235912","5507","100.0"
"Healthcare","Wi-Fi Connectivity","100.0","100.0","1758","100.0"
"Healthcare","Wi-Fi Quality","99.7158574286234","99.7158574286234","1763","100.0"
"Higher Ed","Network Connectivity","92.50747949861014","92.50747949861014","53605","100.0"
"Higher Ed","Network Quality","97.48374132528564","97.48374132528564","25699","100.0"
"Higher Ed","Wi-Fi Connectivity","74.90017787215736","74.90017787215736","11381","100.0"
"Higher Ed","Wi-Fi Quality","89.01268180490642","89.01268180490642","25460","100.0"
